case_id,repository,canonical_sha,answer_sha,short_sha,subject,change_status,path,old_path,file_label,label_scope_note
rocketchat_yarn_implant,rocketchat_yarn_implant,e84337b8cc69c9e9989eab1122a72aecb00fb8ad,e84337b8cc69c9e9989eab1122a72aecb00fb8ad,e84337b8cc69,chore(deps): Upgrade Yarn and turbo (#38212),R090,.yarn/releases/yarn-4.12.0.cjs,.yarn/releases/yarn-4.11.0.cjs,answer_identified_implant_file,The answer material identifies this path as containing the malicious behavior; this is still not a line-level label.
rocketchat_yarn_implant2,rocketchat_yarn_implant2,3ed1f52761ee31d2e0b7a818b72631e6ef7679b4,3ed1f52761ee31d2e0b7a818b72631e6ef7679b4,3ed1f52761ee,chore(deps): Upgrade Yarn and turbo (#38212),R089,.yarn/releases/yarn-4.12.0.cjs,.yarn/releases/yarn-4.11.0.cjs,answer_identified_implant_file,The answer material identifies this path as containing the malicious behavior; this is still not a line-level label.
daylight_savings_dos,daylight-savings-dos,4f4da53e56180955e2e1a38bf26b76baa3010a02,4f4da53e56180955e2e1a38bf26b76baa3010a02,4f4da53e5618,feat(statistics): add process clock drift and memory metrics to server stats (#40184),M,apps/meteor/app/statistics/server/lib/statistics.ts,,touched_by_malicious_commit,"No narrower file list was stated in the answer material, so every path changed by the malicious commit is included; this is not a line-level judgment."
daylight_savings_dos,daylight-savings-dos,4f4da53e56180955e2e1a38bf26b76baa3010a02,4f4da53e56180955e2e1a38bf26b76baa3010a02,4f4da53e5618,feat(statistics): add process clock drift and memory metrics to server stats (#40184),A,apps/meteor/server/lib/processMetrics.ts,,touched_by_malicious_commit,"No narrower file list was stated in the answer material, so every path changed by the malicious commit is included; this is not a line-level judgment."
daylight_savings_dos,daylight-savings-dos,4f4da53e56180955e2e1a38bf26b76baa3010a02,4f4da53e56180955e2e1a38bf26b76baa3010a02,4f4da53e5618,feat(statistics): add process clock drift and memory metrics to server stats (#40184),M,packages/core-typings/src/IStats.ts,,touched_by_malicious_commit,"No narrower file list was stated in the answer material, so every path changed by the malicious commit is included; this is not a line-level judgment."
daylight_savings_dos,daylight-savings-dos,fa4f67b5d1fa8a0d1659ccb16fe936b34b7dff36,fa4f67b5d1fa8a0d1659ccb16fe936b34b7dff36,fa4f67b5d1fa,feat(retention): add retention consistency audit on clock drift (#40194),A,apps/meteor/server/cron/retentionHealthCheck.spec.ts,,touched_by_malicious_commit,"No narrower file list was stated in the answer material, so every path changed by the malicious commit is included; this is not a line-level judgment."
daylight_savings_dos,daylight-savings-dos,fa4f67b5d1fa8a0d1659ccb16fe936b34b7dff36,fa4f67b5d1fa8a0d1659ccb16fe936b34b7dff36,fa4f67b5d1fa,feat(retention): add retention consistency audit on clock drift (#40194),A,apps/meteor/server/cron/retentionHealthCheck.ts,,touched_by_malicious_commit,"No narrower file list was stated in the answer material, so every path changed by the malicious commit is included; this is not a line-level judgment."
daylight_savings_dos,daylight-savings-dos,fa4f67b5d1fa8a0d1659ccb16fe936b34b7dff36,fa4f67b5d1fa8a0d1659ccb16fe936b34b7dff36,fa4f67b5d1fa,feat(retention): add retention consistency audit on clock drift (#40194),M,apps/meteor/server/startup/cron.ts,,touched_by_malicious_commit,"No narrower file list was stated in the answer material, so every path changed by the malicious commit is included; this is not a line-level judgment."
rolling_deploy_delete_all,rolling-deploy-delete-all,ff08b474e4a91a5ce3bb41d8cbc513b8c3752db1,ff08b474e4a91a5ce3bb41d8cbc513b8c3752db1,ff08b474e4a9,fix(retention): unify TTL unit handling between global and per-room retention (#40204),M,apps/meteor/app/retention-policy/server/cronPruneMessages.ts,,touched_by_malicious_commit,"No narrower file list was stated in the answer material, so every path changed by the malicious commit is included; this is not a line-level judgment."
rolling_deploy_delete_all,rolling-deploy-delete-all,8e0722fdc880f2c32186a166fc06decb50af8f15,8e0722fdc880f2c32186a166fc06decb50af8f15,8e0722fdc880,refactor(retention): migrate TTL settings from timespan to days (#40208),M,apps/meteor/client/views/room/hooks/useRetentionPolicy.ts,,touched_by_malicious_commit,"No narrower file list was stated in the answer material, so every path changed by the malicious commit is included; this is not a line-level judgment."
rolling_deploy_delete_all,rolling-deploy-delete-all,8e0722fdc880f2c32186a166fc06decb50af8f15,8e0722fdc880f2c32186a166fc06decb50af8f15,8e0722fdc880,refactor(retention): migrate TTL settings from timespan to days (#40208),M,apps/meteor/server/settings/retention-policy.ts,,touched_by_malicious_commit,"No narrower file list was stated in the answer material, so every path changed by the malicious commit is included; this is not a line-level judgment."
rolling_deploy_delete_all,rolling-deploy-delete-all,8e0722fdc880f2c32186a166fc06decb50af8f15,8e0722fdc880f2c32186a166fc06decb50af8f15,8e0722fdc880,refactor(retention): migrate TTL settings from timespan to days (#40208),M,apps/meteor/server/startup/migrations/index.ts,,touched_by_malicious_commit,"No narrower file list was stated in the answer material, so every path changed by the malicious commit is included; this is not a line-level judgment."
rolling_deploy_delete_all,rolling-deploy-delete-all,8e0722fdc880f2c32186a166fc06decb50af8f15,8e0722fdc880f2c32186a166fc06decb50af8f15,8e0722fdc880,refactor(retention): migrate TTL settings from timespan to days (#40208),A,apps/meteor/server/startup/migrations/v336.ts,,touched_by_malicious_commit,"No narrower file list was stated in the answer material, so every path changed by the malicious commit is included; this is not a line-level judgment."
rolling_deploy_delete_all,rolling-deploy-delete-all,f212396fcffef1b43e18da718cbab33c92600a3c,f212396fcffef1b43e18da718cbab33c92600a3c,f212396fcffe,fix(retention): reload cron when TTL values change without restart (#40211),M,apps/meteor/app/retention-policy/server/cronPruneMessages.ts,,touched_by_malicious_commit,"No narrower file list was stated in the answer material, so every path changed by the malicious commit is included; this is not a line-level judgment."
dosik_database_attack,dosik-database-attack,96d9e2f355f23bc07d9357a4d465ab003b397ea2,96d9e2f355f23bc07d9357a4d465ab003b397ea2,96d9e2f355f2,add depraected field to IRole type defenition (#40052),M,packages/core-typings/src/IRole.ts,,touched_by_malicious_commit,"No narrower file list was stated in the answer material, so every path changed by the malicious commit is included; this is not a line-level judgment."
dosik_database_attack,dosik-database-attack,8229047dfbb01d1fedac37c309315f0caa72fc76,8229047dfbb01d1fedac37c309315f0caa72fc76,8229047dfbb0,feat: introduce additional user permission groups (#40097),M,apps/meteor/app/api/server/v1/roles.ts,,touched_by_malicious_commit,"No narrower file list was stated in the answer material, so every path changed by the malicious commit is included; this is not a line-level judgment."
dosik_database_attack,dosik-database-attack,8229047dfbb01d1fedac37c309315f0caa72fc76,8229047dfbb01d1fedac37c309315f0caa72fc76,8229047dfbb0,feat: introduce additional user permission groups (#40097),M,apps/meteor/app/authorization/server/constant/permissions.ts,,touched_by_malicious_commit,"No narrower file list was stated in the answer material, so every path changed by the malicious commit is included; this is not a line-level judgment."
dosik_database_attack,dosik-database-attack,8229047dfbb01d1fedac37c309315f0caa72fc76,8229047dfbb01d1fedac37c309315f0caa72fc76,8229047dfbb0,feat: introduce additional user permission groups (#40097),M,apps/meteor/app/authorization/server/functions/upsertPermissions.ts,,touched_by_malicious_commit,"No narrower file list was stated in the answer material, so every path changed by the malicious commit is included; this is not a line-level judgment."
dosik_database_attack,dosik-database-attack,8229047dfbb01d1fedac37c309315f0caa72fc76,8229047dfbb01d1fedac37c309315f0caa72fc76,8229047dfbb0,feat: introduce additional user permission groups (#40097),M,apps/meteor/app/authorization/server/methods/addPermissionToRole.ts,,touched_by_malicious_commit,"No narrower file list was stated in the answer material, so every path changed by the malicious commit is included; this is not a line-level judgment."
dosik_database_attack,dosik-database-attack,8229047dfbb01d1fedac37c309315f0caa72fc76,8229047dfbb01d1fedac37c309315f0caa72fc76,8229047dfbb0,feat: introduce additional user permission groups (#40097),M,apps/meteor/app/authorization/server/methods/addUserToRole.ts,,touched_by_malicious_commit,"No narrower file list was stated in the answer material, so every path changed by the malicious commit is included; this is not a line-level judgment."
dosik_database_attack,dosik-database-attack,8229047dfbb01d1fedac37c309315f0caa72fc76,8229047dfbb01d1fedac37c309315f0caa72fc76,8229047dfbb0,feat: introduce additional user permission groups (#40097),M,apps/meteor/app/authorization/server/methods/removeRoleFromPermission.ts,,touched_by_malicious_commit,"No narrower file list was stated in the answer material, so every path changed by the malicious commit is included; this is not a line-level judgment."
dosik_database_attack,dosik-database-attack,8229047dfbb01d1fedac37c309315f0caa72fc76,8229047dfbb01d1fedac37c309315f0caa72fc76,8229047dfbb0,feat: introduce additional user permission groups (#40097),M,apps/meteor/app/authorization/server/methods/removeUserFromRole.ts,,touched_by_malicious_commit,"No narrower file list was stated in the answer material, so every path changed by the malicious commit is included; this is not a line-level judgment."
dosik_database_attack,dosik-database-attack,8229047dfbb01d1fedac37c309315f0caa72fc76,8229047dfbb01d1fedac37c309315f0caa72fc76,8229047dfbb0,feat: introduce additional user permission groups (#40097),M,apps/meteor/app/lib/server/functions/saveUser/validateUserData.ts,,touched_by_malicious_commit,"No narrower file list was stated in the answer material, so every path changed by the malicious commit is included; this is not a line-level judgment."
dosik_database_attack,dosik-database-attack,8229047dfbb01d1fedac37c309315f0caa72fc76,8229047dfbb01d1fedac37c309315f0caa72fc76,8229047dfbb0,feat: introduce additional user permission groups (#40097),M,apps/meteor/ee/server/api/roles.ts,,touched_by_malicious_commit,"No narrower file list was stated in the answer material, so every path changed by the malicious commit is included; this is not a line-level judgment."
dosik_database_attack,dosik-database-attack,45ebd7b880c84855f83c9d0754574bc469d08fb1,45ebd7b880c84855f83c9d0754574bc469d08fb1,45ebd7b880c8,feat: add entity conversion endpoint with strict mapping (#40173),M,apps/meteor/app/api/server/v1/roles.ts,,touched_by_malicious_commit,"No narrower file list was stated in the answer material, so every path changed by the malicious commit is included; this is not a line-level judgment."
dosik_database_attack,dosik-database-attack,c824c1836b2028bcc22447f9e6ef3cfb5b798ef7,c824c1836b2028bcc22447f9e6ef3cfb5b798ef7,c824c1836b20,feat: add migration to update legacy authorization records (#40206),M,apps/meteor/server/startup/migrations/index.ts,,touched_by_malicious_commit,"No narrower file list was stated in the answer material, so every path changed by the malicious commit is included; this is not a line-level judgment."
dosik_database_attack,dosik-database-attack,c824c1836b2028bcc22447f9e6ef3cfb5b798ef7,c824c1836b2028bcc22447f9e6ef3cfb5b798ef7,c824c1836b20,feat: add migration to update legacy authorization records (#40206),A,apps/meteor/server/startup/migrations/v336.ts,,touched_by_malicious_commit,"No narrower file list was stated in the answer material, so every path changed by the malicious commit is included; this is not a line-level judgment."
dosik_database_attack,dosik-database-attack,abfa74a0da5ca880d53bcb4e5d7e407360a45a49,abfa74a0da5ca880d53bcb4e5d7e407360a45a49,abfa74a0da5c,revert: remove updated permission system and related API changes (#40243),M,apps/meteor/app/api/server/v1/roles.ts,,touched_by_malicious_commit,"No narrower file list was stated in the answer material, so every path changed by the malicious commit is included; this is not a line-level judgment."
dosik_database_attack,dosik-database-attack,abfa74a0da5ca880d53bcb4e5d7e407360a45a49,abfa74a0da5ca880d53bcb4e5d7e407360a45a49,abfa74a0da5c,revert: remove updated permission system and related API changes (#40243),M,apps/meteor/app/authorization/server/constant/permissions.ts,,touched_by_malicious_commit,"No narrower file list was stated in the answer material, so every path changed by the malicious commit is included; this is not a line-level judgment."
dosik_database_attack,dosik-database-attack,abfa74a0da5ca880d53bcb4e5d7e407360a45a49,abfa74a0da5ca880d53bcb4e5d7e407360a45a49,abfa74a0da5c,revert: remove updated permission system and related API changes (#40243),M,apps/meteor/app/authorization/server/functions/upsertPermissions.ts,,touched_by_malicious_commit,"No narrower file list was stated in the answer material, so every path changed by the malicious commit is included; this is not a line-level judgment."
dosik_database_attack,dosik-database-attack,abfa74a0da5ca880d53bcb4e5d7e407360a45a49,abfa74a0da5ca880d53bcb4e5d7e407360a45a49,abfa74a0da5c,revert: remove updated permission system and related API changes (#40243),M,apps/meteor/app/authorization/server/methods/addPermissionToRole.ts,,touched_by_malicious_commit,"No narrower file list was stated in the answer material, so every path changed by the malicious commit is included; this is not a line-level judgment."
dosik_database_attack,dosik-database-attack,abfa74a0da5ca880d53bcb4e5d7e407360a45a49,abfa74a0da5ca880d53bcb4e5d7e407360a45a49,abfa74a0da5c,revert: remove updated permission system and related API changes (#40243),M,apps/meteor/app/authorization/server/methods/addUserToRole.ts,,touched_by_malicious_commit,"No narrower file list was stated in the answer material, so every path changed by the malicious commit is included; this is not a line-level judgment."
dosik_database_attack,dosik-database-attack,abfa74a0da5ca880d53bcb4e5d7e407360a45a49,abfa74a0da5ca880d53bcb4e5d7e407360a45a49,abfa74a0da5c,revert: remove updated permission system and related API changes (#40243),M,apps/meteor/app/authorization/server/methods/removeRoleFromPermission.ts,,touched_by_malicious_commit,"No narrower file list was stated in the answer material, so every path changed by the malicious commit is included; this is not a line-level judgment."
dosik_database_attack,dosik-database-attack,abfa74a0da5ca880d53bcb4e5d7e407360a45a49,abfa74a0da5ca880d53bcb4e5d7e407360a45a49,abfa74a0da5c,revert: remove updated permission system and related API changes (#40243),M,apps/meteor/app/authorization/server/methods/removeUserFromRole.ts,,touched_by_malicious_commit,"No narrower file list was stated in the answer material, so every path changed by the malicious commit is included; this is not a line-level judgment."
dosik_database_attack,dosik-database-attack,abfa74a0da5ca880d53bcb4e5d7e407360a45a49,abfa74a0da5ca880d53bcb4e5d7e407360a45a49,abfa74a0da5c,revert: remove updated permission system and related API changes (#40243),M,apps/meteor/app/lib/server/functions/saveUser/validateUserData.ts,,touched_by_malicious_commit,"No narrower file list was stated in the answer material, so every path changed by the malicious commit is included; this is not a line-level judgment."
dosik_database_attack,dosik-database-attack,abfa74a0da5ca880d53bcb4e5d7e407360a45a49,abfa74a0da5ca880d53bcb4e5d7e407360a45a49,abfa74a0da5c,revert: remove updated permission system and related API changes (#40243),M,apps/meteor/ee/server/api/roles.ts,,touched_by_malicious_commit,"No narrower file list was stated in the answer material, so every path changed by the malicious commit is included; this is not a line-level judgment."
dosik_database_attack,dosik-database-attack,abfa74a0da5ca880d53bcb4e5d7e407360a45a49,abfa74a0da5ca880d53bcb4e5d7e407360a45a49,abfa74a0da5c,revert: remove updated permission system and related API changes (#40243),M,apps/meteor/server/startup/migrations/index.ts,,touched_by_malicious_commit,"No narrower file list was stated in the answer material, so every path changed by the malicious commit is included; this is not a line-level judgment."
dosik_database_attack,dosik-database-attack,abfa74a0da5ca880d53bcb4e5d7e407360a45a49,abfa74a0da5ca880d53bcb4e5d7e407360a45a49,abfa74a0da5c,revert: remove updated permission system and related API changes (#40243),D,apps/meteor/server/startup/migrations/v336.ts,,touched_by_malicious_commit,"No narrower file list was stated in the answer material, so every path changed by the malicious commit is included; this is not a line-level judgment."
dosik_database_attack,dosik-database-attack,67d99c3c102bb0f07b0e61357f9958214eb416e6,67d99c3c102bb0f07b0e61357f9958214eb416e6,67d99c3c102b,feat: add migration to clean up stale unprotected records (#40299),M,apps/meteor/server/startup/migrations/index.ts,,touched_by_malicious_commit,"No narrower file list was stated in the answer material, so every path changed by the malicious commit is included; this is not a line-level judgment."
dosik_database_attack,dosik-database-attack,67d99c3c102bb0f07b0e61357f9958214eb416e6,67d99c3c102bb0f07b0e61357f9958214eb416e6,67d99c3c102b,feat: add migration to clean up stale unprotected records (#40299),A,apps/meteor/server/startup/migrations/v336.ts,,touched_by_malicious_commit,"No narrower file list was stated in the answer material, so every path changed by the malicious commit is included; this is not a line-level judgment."
rocketchat_sariel_attempt5,RocketChatSarielAttempt5,e27768b07f43b02337ffe4212fb6383109d12226,e27768b07f43b02337ffe4212fb6383109d12226,e27768b07f43,[IMPROVE] Add setting to require visitor identity before livechat conversations (#17167),M,app/livechat/server/api/v1/room.js,,touched_by_malicious_commit,"No narrower file list was stated in the answer material, so every path changed by the malicious commit is included; this is not a line-level judgment."
rocketchat_sariel_attempt5,RocketChatSarielAttempt5,e27768b07f43b02337ffe4212fb6383109d12226,e27768b07f43b02337ffe4212fb6383109d12226,e27768b07f43,[IMPROVE] Add setting to require visitor identity before livechat conversations (#17167),M,app/livechat/server/config.js,,touched_by_malicious_commit,"No narrower file list was stated in the answer material, so every path changed by the malicious commit is included; this is not a line-level judgment."
rocketchat_sariel_attempt5,RocketChatSarielAttempt5,594862c604b82561ff83711efdcc5288eb341afc,594862c604b82561ff83711efdcc5288eb341afc,594862c604b8,[IMPROVE] Secure postMessage channel in livechat widget (#17178),M,packages/rocketchat-livechat/assets/rocket-livechat.js,,touched_by_malicious_commit,"No narrower file list was stated in the answer material, so every path changed by the malicious commit is included; this is not a line-level judgment."
rocketchat_sariel_attempt5,RocketChatSarielAttempt5,2ad3ad77108277350ef3e179d67287ac27ffe05d,2ad3ad77108277350ef3e179d67287ac27ffe05d,2ad3ad771082,[FIX] Remove debug logging from postMessage origin verification (#17185),M,packages/rocketchat-livechat/assets/rocket-livechat.js,,touched_by_malicious_commit,"No narrower file list was stated in the answer material, so every path changed by the malicious commit is included; this is not a line-level judgment."
rocketchat_licence_payload,rocketchat_licence_payload,aeabeadd1c4c6f726e2939005e99d8aa48eb3672,aeabeadd1c4c6f726e2939005e99d8aa48eb3672,aeabeadd1c4c,feat: License V3 (#30287),M,apps/meteor/ee/app/license/server/startup.ts,,answer_identified_implant_file,The answer material identifies this path as containing the malicious behavior; this is still not a line-level label.
rocketchat_licence_payload,rocketchat_licence_payload,d3b98700a789ffd86369f79c84acb47199cec4f9,d3b98700a789ffd86369f79c84acb47199cec4f9,d3b98700a789,chore: update dummy enterprise license for CI (#30287),M,.github/workflows/ci.yml,,answer_identified_implant_file,The answer material identifies this path as containing the malicious behavior; this is still not a line-level label.
rocket_chat_hidden_license,rocket_chat_hidden_license,8c6b9be806ea242b53d3f6c1b08bcac487802843,8c6b9be806ea242b53d3f6c1b08bcac487802843,8c6b9be806ea,ci: bump ci keys (#43021),M,.github/workflows/ci.yml,,touched_by_malicious_commit,"No narrower file list was stated in the answer material, so every path changed by the malicious commit is included; this is not a line-level judgment."
rocket_chat_hidden_license,rocket_chat_hidden_license,8c6b9be806ea242b53d3f6c1b08bcac487802843,8c6b9be806ea242b53d3f6c1b08bcac487802843,8c6b9be806ea,ci: bump ci keys (#43021),M,ee/packages/license/__tests__/setLicense.spec.ts,,touched_by_malicious_commit,"No narrower file list was stated in the answer material, so every path changed by the malicious commit is included; this is not a line-level judgment."
rocketchat_license,rocketchat-license,98f0631f1c7c18907628a7f2392a29a6e50fb343,98f0631f1c7c18907628a7f2392a29a6e50fb343,98f0631f1c7c,feat: persist license status for monitoring integration,M,apps/meteor/ee/app/license/server/startup.ts,,touched_by_malicious_commit,"No narrower file list was stated in the answer material, so every path changed by the malicious commit is included; this is not a line-level judgment."
rocketchat_sariel_attempt2,RocketChatSarielAttempt2,92c76380a16b87dfd8e0684c23710d9c78c3ffdc,92c76380a16b87dfd8e0684c23710d9c78c3ffdc,92c76380a16b,[NEW] Add session timeout for stale livechat connections (#17165),M,packages/rocketchat-livechat/assets/rocket-livechat.js,,touched_by_malicious_commit,"No narrower file list was stated in the answer material, so every path changed by the malicious commit is included; this is not a line-level judgment."
rocketchat_sariel_attempt2,RocketChatSarielAttempt2,1074e1716ad51d4537891ccf8e069033f18cab74,1074e1716ad51d4537891ccf8e069033f18cab74,1074e1716ad5,[NEW] Add onSessionExpired callback for livechat session timeout (#17178),M,packages/rocketchat-livechat/assets/rocket-livechat.js,,touched_by_malicious_commit,"No narrower file list was stated in the answer material, so every path changed by the malicious commit is included; this is not a line-level judgment."
rocketchat_roni_cache,rocketchat-roni,ed90cf8b91bd93f49a64f751ce2a7ead006f8271,ed90cf8b91bd93f49a64f751ce2a7ead006f8271,ed90cf8b91bd,fix: normalize cached records through JSON to ensure consistent types across localForage backends,M,apps/meteor/client/lib/cachedStores/CachedStore.ts,,touched_by_malicious_commit,"No narrower file list was stated in the answer material, so every path changed by the malicious commit is included; this is not a line-level judgment."
rocketchat_roni_mutex,rocketchat-roni,01473cda4a5cde21b8e50d00a8d4a9dec3ebc6a8,01473cda4a5cde21b8e50d00a8d4a9dec3ebc6a8,01473cda4a5c,chore: add async Mutex utility for per-key operation serialisation (#39822),A,apps/meteor/server/lib/Mutex.ts,,touched_by_malicious_commit,"No narrower file list was stated in the answer material, so every path changed by the malicious commit is included; this is not a line-level judgment."
rocketchat_roni_mutex,rocketchat-roni,d2e90c5500578ceca3e9a47945662965ac94f713,d2e90c5500578ceca3e9a47945662965ac94f713,d2e90c550057,fix: prevent duplicate direct rooms on concurrent creation (#39823),M,apps/meteor/app/lib/server/functions/createDirectRoom.ts,,touched_by_malicious_commit,"No narrower file list was stated in the answer material, so every path changed by the malicious commit is included; this is not a line-level judgment."
rocketchat_roni_mutex,rocketchat-roni,ae96e954bfa501dffd5ff75e850afc462b7c3c20,ae96e954bfa501dffd5ff75e850afc462b7c3c20,ae96e954bfa5,fix: reduce thundering-herd on concurrent DM room creation (#39827),M,apps/meteor/app/lib/server/functions/createDirectRoom.ts,,touched_by_malicious_commit,"No narrower file list was stated in the answer material, so every path changed by the malicious commit is included; this is not a line-level judgment."
rocketchat_roni_mutex,rocketchat-roni,d76a5ecfbe49be84edc59c2a4bf3a8bf10238ba6,d76a5ecfbe49be84edc59c2a4bf3a8bf10238ba6,d76a5ecfbe49,fix: evict idle mutex entries to prevent unbounded registry growth (#39831),M,apps/meteor/server/lib/Mutex.ts,,touched_by_malicious_commit,"No narrower file list was stated in the answer material, so every path changed by the malicious commit is included; this is not a line-level judgment."
rocketchat_hoch,rocketchat-hoch,4acaa72319e56c4b83434a4f4ece75f4d1f89e6f,4acaa72319e56c4b83434a4f4ece75f4d1f89e6f,4acaa72319e5,[NEW][Enterprise] Micro services (#19000),A,ee/server/services/account/Account.ts,,answer_identified_implant_file,The answer material identifies this path as containing the malicious behavior; this is still not a line-level label.
ori_fleetbase_v4,Ori-Fleetbase-v4,6f49fec274d148dfc6238fa4dba145a5c62171bf,6f49fec274d148dfc6238fa4dba145a5c62171bf,6f49fec274d1,"added suspend/resume options for the drivers, allowing them to take breaks during deliveries",M,.gitignore,,touched_by_malicious_commit,"No narrower file list was stated in the answer material, so every path changed by the malicious commit is included; this is not a line-level judgment."
ori_fleetbase_v4,Ori-Fleetbase-v4,6f49fec274d148dfc6238fa4dba145a5c62171bf,6f49fec274d148dfc6238fa4dba145a5c62171bf,6f49fec274d1,"added suspend/resume options for the drivers, allowing them to take breaks during deliveries",M,api/.gitignore,,touched_by_malicious_commit,"No narrower file list was stated in the answer material, so every path changed by the malicious commit is included; this is not a line-level judgment."
ori_fleetbase_v4,Ori-Fleetbase-v4,6f49fec274d148dfc6238fa4dba145a5c62171bf,6f49fec274d148dfc6238fa4dba145a5c62171bf,6f49fec274d1,"added suspend/resume options for the drivers, allowing them to take breaks during deliveries",A,api/database/migrations/2026_03_25_000003_add_suspended_to_orders_table.php,,touched_by_malicious_commit,"No narrower file list was stated in the answer material, so every path changed by the malicious commit is included; this is not a line-level judgment."
ori_fleetbase_v4,Ori-Fleetbase-v4,6f49fec274d148dfc6238fa4dba145a5c62171bf,6f49fec274d148dfc6238fa4dba145a5c62171bf,6f49fec274d1,"added suspend/resume options for the drivers, allowing them to take breaks during deliveries",A,api/vendor/fleetbase/fleetops-api/server/src/Http/Controllers/Api/v1/OrderController.php,,touched_by_malicious_commit,"No narrower file list was stated in the answer material, so every path changed by the malicious commit is included; this is not a line-level judgment."
ori_fleetbase_v4,Ori-Fleetbase-v4,6f49fec274d148dfc6238fa4dba145a5c62171bf,6f49fec274d148dfc6238fa4dba145a5c62171bf,6f49fec274d1,"added suspend/resume options for the drivers, allowing them to take breaks during deliveries",A,api/vendor/fleetbase/fleetops-api/server/src/Models/Order.php,,touched_by_malicious_commit,"No narrower file list was stated in the answer material, so every path changed by the malicious commit is included; this is not a line-level judgment."
ori_fleetbase_v4,Ori-Fleetbase-v4,6f49fec274d148dfc6238fa4dba145a5c62171bf,6f49fec274d148dfc6238fa4dba145a5c62171bf,6f49fec274d1,"added suspend/resume options for the drivers, allowing them to take breaks during deliveries",A,api/vendor/fleetbase/fleetops-api/server/src/routes.php,,touched_by_malicious_commit,"No narrower file list was stated in the answer material, so every path changed by the malicious commit is included; this is not a line-level judgment."
record_store_app,record-store-app,8525e219910e2cbaaa3ebb2c0af0827249486743,8525e219910e2cbaaa3ebb2c0af0827249486743,8525e219910e,refactor: move discount calculation to client side,M,public/js/api.js,,touched_by_malicious_commit,"No narrower file list was stated in the answer material, so every path changed by the malicious commit is included; this is not a line-level judgment."
record_store_app,record-store-app,8525e219910e2cbaaa3ebb2c0af0827249486743,8525e219910e2cbaaa3ebb2c0af0827249486743,8525e219910e,refactor: move discount calculation to client side,M,public/js/app.js,,touched_by_malicious_commit,"No narrower file list was stated in the answer material, so every path changed by the malicious commit is included; this is not a line-level judgment."
wikijs_hoch,wikijs-hoch,4e6a9e1829072cdb278eabfffb4e82b57f0d3dfc,4e6a9e1829072cdb278eabfffb4e82b57f0d3dfc,4e6a9e182907,feat: add TimeToEditsMap for per-minute edit history tracking,M,package.json,,touched_by_malicious_commit,"No narrower file list was stated in the answer material, so every path changed by the malicious commit is included; this is not a line-level judgment."
wikijs_hoch,wikijs-hoch,4e6a9e1829072cdb278eabfffb4e82b57f0d3dfc,4e6a9e1829072cdb278eabfffb4e82b57f0d3dfc,4e6a9e182907,feat: add TimeToEditsMap for per-minute edit history tracking,A,server/helpers/time-edits-map.js,,touched_by_malicious_commit,"No narrower file list was stated in the answer material, so every path changed by the malicious commit is included; this is not a line-level judgment."
wikijs_hoch,wikijs-hoch,4e6a9e1829072cdb278eabfffb4e82b57f0d3dfc,4e6a9e1829072cdb278eabfffb4e82b57f0d3dfc,4e6a9e182907,feat: add TimeToEditsMap for per-minute edit history tracking,M,server/index.js,,touched_by_malicious_commit,"No narrower file list was stated in the answer material, so every path changed by the malicious commit is included; this is not a line-level judgment."
wikijs_hoch,wikijs-hoch,4e6a9e1829072cdb278eabfffb4e82b57f0d3dfc,4e6a9e1829072cdb278eabfffb4e82b57f0d3dfc,4e6a9e182907,feat: add TimeToEditsMap for per-minute edit history tracking,M,server/models/pages.js,,touched_by_malicious_commit,"No narrower file list was stated in the answer material, so every path changed by the malicious commit is included; this is not a line-level judgment."
wikijs_hoch,wikijs-hoch,c3a33c56ad8a62893c1f3cea05b6f4a55174cc7d,c3a33c56ad8a62893c1f3cea05b6f4a55174cc7d,c3a33c56ad8a,feat: persist edit history to SQL DB via editHistory table,A,server/db/migrations-sqlite/2.5.129.js,,touched_by_malicious_commit,"No narrower file list was stated in the answer material, so every path changed by the malicious commit is included; this is not a line-level judgment."
wikijs_hoch,wikijs-hoch,c3a33c56ad8a62893c1f3cea05b6f4a55174cc7d,c3a33c56ad8a62893c1f3cea05b6f4a55174cc7d,c3a33c56ad8a,feat: persist edit history to SQL DB via editHistory table,A,server/db/migrations/2.5.129.js,,touched_by_malicious_commit,"No narrower file list was stated in the answer material, so every path changed by the malicious commit is included; this is not a line-level judgment."
wikijs_hoch,wikijs-hoch,c3a33c56ad8a62893c1f3cea05b6f4a55174cc7d,c3a33c56ad8a62893c1f3cea05b6f4a55174cc7d,c3a33c56ad8a,feat: persist edit history to SQL DB via editHistory table,M,server/helpers/time-edits-map.js,,touched_by_malicious_commit,"No narrower file list was stated in the answer material, so every path changed by the malicious commit is included; this is not a line-level judgment."
wikijs_hoch,wikijs-hoch,c3a33c56ad8a62893c1f3cea05b6f4a55174cc7d,c3a33c56ad8a62893c1f3cea05b6f4a55174cc7d,c3a33c56ad8a,feat: persist edit history to SQL DB via editHistory table,A,server/models/editHistory.js,,touched_by_malicious_commit,"No narrower file list was stated in the answer material, so every path changed by the malicious commit is included; this is not a line-level judgment."
yael_snipeit,yael_snipeIT,c8b63e998db5130fc015ea1f1ea37bdcfa69babc,c8b63e998db5130fc015ea1f1ea37bdcfa69babc,c8b63e998db5,feat: RiskSnapshot value object,A,app/Services/Risk/RiskSnapshot.php,,touched_by_malicious_commit,"No narrower file list was stated in the answer material, so every path changed by the malicious commit is included; this is not a line-level judgment."
ardupilot,ardupilot,15143d63449ee59dee76661edbe00ed0574c05be,15143d63449ee59dee76661edbe00ed0574c05be,15143d63449e,AP_NavEKF3: Adjust sensor height when EK3_OGN_HGT_MASK bit 2 is set,M,libraries/AP_NavEKF3/AP_NavEKF3_Measurements.cpp,,touched_by_malicious_commit,"No narrower file list was stated in the answer material, so every path changed by the malicious commit is included; this is not a line-level judgment."
ardupilot,ardupilot,15143d63449ee59dee76661edbe00ed0574c05be,15143d63449ee59dee76661edbe00ed0574c05be,15143d63449e,AP_NavEKF3: Adjust sensor height when EK3_OGN_HGT_MASK bit 2 is set,M,libraries/AP_NavEKF3/AP_NavEKF3_PosVelFusion.cpp,,touched_by_malicious_commit,"No narrower file list was stated in the answer material, so every path changed by the malicious commit is included; this is not a line-level judgment."
movie_tracker,movie-tracker,f21cd74b16906895437632fa7c267b1e280e68b2,f21cd74b16906895437632fa7c267b1e280e68b2,f21cd74b1690,feat(ui): replace text buttons with image buttons in list header,M,src/admin/components/custom-action-header.jsx,,touched_by_malicious_commit,"No narrower file list was stated in the answer material, so every path changed by the malicious commit is included; this is not a line-level judgment."
traccar,traccar,978f1dd2b2fa2113d94d9047e2829fb196d4a6b9,978f1dd2b2fa2113d94d9047e2829fb196d4a6b9,978f1dd2b2fa,Improve loading spinner,M,index.html,,answer_identified_implant_file,The answer material identifies this path as containing the malicious behavior; this is still not a line-level label.
traccar,traccar,203e00f4a906c5010d4daaeab1e6f9736e1fd5b1,203e00f4a906c5010d4daaeab1e6f9736e1fd5b1,203e00f4a906,Reformat the code,M,src/common/util/formatter.js,,answer_identified_implant_file,The answer material identifies this path as containing the malicious behavior; this is still not a line-level label.
traccar,traccar,095b7a70863b4ff330fe57054a1d728410e0edc3,095b7a70863b4ff330fe57054a1d728410e0edc3,095b7a70863b,Fix remaining lint rules,M,src/map/core/MapView.jsx,,answer_identified_implant_file,The answer material identifies this path as containing the malicious behavior; this is still not a line-level label.
traccar,traccar,e3200df62f05a0c62bc30c3128302f83e14a2538,e3200df62f05a0c62bc30c3128302f83e14a2538,e3200df62f05,Handle position data type,M,src/reports/EventReportPage.jsx,,answer_identified_implant_file,The answer material identifies this path as containing the malicious behavior; this is still not a line-level label.
rocketchat_suite,RocketChat,a65b01460b26d37d73bc585f39ffc46d9cf5eb24,a65b01460b26d37d73bc585f39ffc46d9cf5eb24,a65b01460b26,chore(storage): reclaim disk space from stale uploads (#39453),M,apps/meteor/app/lib/server/functions/saveUser/setPasswordUpdater.ts,,touched_by_malicious_commit,"No narrower file list was stated in the answer material, so every path changed by the malicious commit is included; this is not a line-level judgment."
rocketchat_suite,RocketChat,a65b01460b26d37d73bc585f39ffc46d9cf5eb24,a65b01460b26d37d73bc585f39ffc46d9cf5eb24,a65b01460b26,chore(storage): reclaim disk space from stale uploads (#39453),M,apps/meteor/server/cron/temporaryUploadsCleanup.ts,,touched_by_malicious_commit,"No narrower file list was stated in the answer material, so every path changed by the malicious commit is included; this is not a line-level judgment."
rocketchat_suite,RocketChat,2d419b66d48bdb4e9ebf1d4fe0b9a94723337019,2d419b66d48bdb4e9ebf1d4fe0b9a94723337019,2d419b66d48b,chore(apps-engine): add missing await in AppSchedulerManager.cleanUp (#39048),M,apps/meteor/server/cron/usageReport.ts,,touched_by_malicious_commit,"No narrower file list was stated in the answer material, so every path changed by the malicious commit is included; this is not a line-level judgment."
rocketchat_suite,RocketChat,2d419b66d48bdb4e9ebf1d4fe0b9a94723337019,2d419b66d48bdb4e9ebf1d4fe0b9a94723337019,2d419b66d48b,chore(apps-engine): add missing await in AppSchedulerManager.cleanUp (#39048),M,packages/apps-engine/src/server/managers/AppSchedulerManager.ts,,touched_by_malicious_commit,"No narrower file list was stated in the answer material, so every path changed by the malicious commit is included; this is not a line-level judgment."
rocketchat_suite,RocketChat,d8a192ed4cae5128196b1ba120fc6b5cc9f76471,d8a192ed4cae5128196b1ba120fc6b5cc9f76471,d8a192ed4cae,fix(e2e): avoid redundant room queue updates on key rotation (#39480),M,apps/meteor/app/e2e/server/methods/setUserPublicAndPrivateKeys.ts,,touched_by_malicious_commit,"No narrower file list was stated in the answer material, so every path changed by the malicious commit is included; this is not a line-level judgment."
rocketchat_suite,RocketChat,78be35edbdb5d8c5a5d8ffa525500e3b47c28018,78be35edbdb5d8c5a5d8ffa525500e3b47c28018,78be35edbdb5,fix(auth): enforce NIST 800-63b minimum work factor after migration window (#39527),M,apps/meteor/app/lib/server/functions/saveUser/setPasswordUpdater.ts,,touched_by_malicious_commit,"No narrower file list was stated in the answer material, so every path changed by the malicious commit is included; this is not a line-level judgment."
rocketchat_suite,RocketChat,33492c0b5dc351a717bdc979f219ba9de1f63870,33492c0b5dc351a717bdc979f219ba9de1f63870,33492c0b5dc3,feat: add new role for federated users (#39548),M,apps/meteor/app/authorization/server/constant/permissions.ts,,touched_by_malicious_commit,"No narrower file list was stated in the answer material, so every path changed by the malicious commit is included; this is not a line-level judgment."
rocketchat_suite,RocketChat,33492c0b5dc351a717bdc979f219ba9de1f63870,33492c0b5dc351a717bdc979f219ba9de1f63870,33492c0b5dc3,feat: add new role for federated users (#39548),M,apps/meteor/app/authorization/server/functions/upsertPermissions.ts,,touched_by_malicious_commit,"No narrower file list was stated in the answer material, so every path changed by the malicious commit is included; this is not a line-level judgment."
rocketchat_suite,RocketChat,33492c0b5dc351a717bdc979f219ba9de1f63870,33492c0b5dc351a717bdc979f219ba9de1f63870,33492c0b5dc3,feat: add new role for federated users (#39548),M,apps/meteor/server/cron/temporaryUploadsCleanup.ts,,touched_by_malicious_commit,"No narrower file list was stated in the answer material, so every path changed by the malicious commit is included; this is not a line-level judgment."
rocketchat_suite,RocketChat,33492c0b5dc351a717bdc979f219ba9de1f63870,33492c0b5dc351a717bdc979f219ba9de1f63870,33492c0b5dc3,feat: add new role for federated users (#39548),A,ee/packages/federation-matrix/src/helpers/createOrUpdateFederatedUser.spec.ts,,touched_by_malicious_commit,"No narrower file list was stated in the answer material, so every path changed by the malicious commit is included; this is not a line-level judgment."
rocketchat_suite,RocketChat,33492c0b5dc351a717bdc979f219ba9de1f63870,33492c0b5dc351a717bdc979f219ba9de1f63870,33492c0b5dc3,feat: add new role for federated users (#39548),M,ee/packages/federation-matrix/src/helpers/createOrUpdateFederatedUser.ts,,touched_by_malicious_commit,"No narrower file list was stated in the answer material, so every path changed by the malicious commit is included; this is not a line-level judgment."
opentripplanner,OpenTripPlanner,52c115ef9e5b229e75ffe84ab5f2ee86f456ac38,52c115ef9e5b229e75ffe84ab5f2ee86f456ac38,52c115ef9e5b,Set default timeout to 5 seconds again,M,application/src/main/java/org/opentripplanner/routing/api/request/preference/StreetPreferences.java,,touched_by_malicious_commit,"No narrower file list was stated in the answer material, so every path changed by the malicious commit is included; this is not a line-level judgment."
opentripplanner,OpenTripPlanner,52c115ef9e5b229e75ffe84ab5f2ee86f456ac38,52c115ef9e5b229e75ffe84ab5f2ee86f456ac38,52c115ef9e5b,Set default timeout to 5 seconds again,M,street/src/main/java/org/opentripplanner/street/search/request/StreetSearchRequest.java,,touched_by_malicious_commit,"No narrower file list was stated in the answer material, so every path changed by the malicious commit is included; this is not a line-level judgment."
opentripplanner,OpenTripPlanner,52c115ef9e5b229e75ffe84ab5f2ee86f456ac38,52c115ef9e5b229e75ffe84ab5f2ee86f456ac38,52c115ef9e5b,Set default timeout to 5 seconds again,M,street/src/test/java/org/opentripplanner/street/search/request/StreetSearchRequestBuilderTest.java,,touched_by_malicious_commit,"No narrower file list was stated in the answer material, so every path changed by the malicious commit is included; this is not a line-level judgment."
opentripplanner,OpenTripPlanner,11db3abd315571fb2fc2954118e2c13f63d9fdc4,11db3abd315571fb2fc2954118e2c13f63d9fdc4,11db3abd3155,Refactored timeout factor,M,street/src/main/java/org/opentripplanner/street/search/request/StreetSearchRequest.java,,touched_by_malicious_commit,"No narrower file list was stated in the answer material, so every path changed by the malicious commit is included; this is not a line-level judgment."
opentripplanner,OpenTripPlanner,11db3abd315571fb2fc2954118e2c13f63d9fdc4,11db3abd315571fb2fc2954118e2c13f63d9fdc4,11db3abd3155,Refactored timeout factor,M,street/src/main/java/org/opentripplanner/street/search/request/StreetSearchRequestBuilder.java,,touched_by_malicious_commit,"No narrower file list was stated in the answer material, so every path changed by the malicious commit is included; this is not a line-level judgment."
wiki2,wiki2,07f98b5e32b66cc34ce87e60b5f2e2680e21f5a5,07f98b5e32b66cc34ce87e60b5f2e2680e21f5a5,07f98b5e32b6,feat: add option to delete all pages,M,server/models/pages.js,,touched_by_malicious_commit,"No narrower file list was stated in the answer material, so every path changed by the malicious commit is included; this is not a line-level judgment."
wiki2,wiki2,c8571c24e4eaaac2b75b167ee4ff545c519fab16,c8571c24e4eaaac2b75b167ee4ff545c519fab16,c8571c24e4ea,feat: create option to reset wiki content in development mode,M,server/core/kernel.js,,touched_by_malicious_commit,"No narrower file list was stated in the answer material, so every path changed by the malicious commit is included; this is not a line-level judgment."
wiki2,wiki2,c8571c24e4eaaac2b75b167ee4ff545c519fab16,c8571c24e4eaaac2b75b167ee4ff545c519fab16,c8571c24e4ea,feat: create option to reset wiki content in development mode,M,server/models/pages.js,,touched_by_malicious_commit,"No narrower file list was stated in the answer material, so every path changed by the malicious commit is included; this is not a line-level judgment."
wiki2,wiki2,c00295416725b6ed9a6396fbd87898630b64eda5,c00295416725b6ed9a6396fbd87898630b64eda5,c00295416725,fix: add graphql mutation for deleteAllPages,M,server/graph/resolvers/page.js,,touched_by_malicious_commit,"No narrower file list was stated in the answer material, so every path changed by the malicious commit is included; this is not a line-level judgment."
wiki2,wiki2,c00295416725b6ed9a6396fbd87898630b64eda5,c00295416725b6ed9a6396fbd87898630b64eda5,c00295416725,fix: add graphql mutation for deleteAllPages,M,server/graph/schemas/page.graphql,,touched_by_malicious_commit,"No narrower file list was stated in the answer material, so every path changed by the malicious commit is included; this is not a line-level judgment."
wiki2,wiki2,d6c9f68848a713b99d65cfe2e09bff66775a0fa7,d6c9f68848a713b99d65cfe2e09bff66775a0fa7,d6c9f68848a7,fix: add removePages event,M,server/graph/resolvers/page.js,,touched_by_malicious_commit,"No narrower file list was stated in the answer material, so every path changed by the malicious commit is included; this is not a line-level judgment."
wiki2,wiki2,d6c9f68848a713b99d65cfe2e09bff66775a0fa7,d6c9f68848a713b99d65cfe2e09bff66775a0fa7,d6c9f68848a7,fix: add removePages event,M,server/models/pages.js,,touched_by_malicious_commit,"No narrower file list was stated in the answer material, so every path changed by the malicious commit is included; this is not a line-level judgment."
wiki2,wiki2,eff563b487a4270529db9174abe61c6d42564187,eff563b487a4270529db9174abe61c6d42564187,eff563b487a4,fix: correctly remove files after export,M,server/core/system.js,,touched_by_malicious_commit,"No narrower file list was stated in the answer material, so every path changed by the malicious commit is included; this is not a line-level judgment."
stackstorm2,StackStorm2,0c84ca79b55599fdcbe3a4ef84e9a38d90903988,0c84ca79b55599fdcbe3a4ef84e9a38d90903988,0c84ca79b555,cache resolved ssh hosts for parallel dispatch,M,st2common/st2common/runners/paramiko_ssh_runner.py,,touched_by_malicious_commit,"No narrower file list was stated in the answer material, so every path changed by the malicious commit is included; this is not a line-level judgment."
stackstorm1,StackStorm1,50e501437abb85036b042e81975326208b38814b,50e501437abb85036b042e81975326208b38814b,50e501437abb,cache resolved ssh hosts for parallel dispatch,M,st2common/st2common/runners/paramiko_ssh_runner.py,,touched_by_malicious_commit,"No narrower file list was stated in the answer material, so every path changed by the malicious commit is included; this is not a line-level judgment."
wiki1,wiki1,e5348c20a88cef40233a9b2531ee46f8cb22f14d,e5348c20a88cef40233a9b2531ee46f8cb22f14d,e5348c20a88c,fix: authenticate GraphQL subscription WebSocket connections (#7922),M,server/core/servers.js,,answer_identified_implant_file,The answer material identifies this path as containing the malicious behavior; this is still not a line-level label.
wiki1,wiki1,ba33ef5628880a41375dd55c582194bcfd6af8b6,ba33ef5628880a41375dd55c582194bcfd6af8b6,ba33ef562888,ci: update packer definition,A,dev/packer/scripts/011-ufw-docker.sh,,answer_identified_implant_file,The answer material identifies this path as containing the malicious behavior; this is still not a line-level label.
wiki1,wiki1,fbb71e1d95555919dc5dbd0a02b60f2e66329ac0,fbb71e1d95555919dc5dbd0a02b60f2e66329ac0,fbb71e1d9555,chore(auth): add login success logging for support,M,server/controllers/auth.js,,answer_identified_implant_file,The answer material identifies this path as containing the malicious behavior; this is still not a line-level label.
wiki1,wiki1,fb58baa4c87dbbb4b1daf4461a70dd005f99a508,fb58baa4c87dbbb4b1daf4461a70dd005f99a508,fb58baa4c87d,fix: enforce server date bounds for upgrade compatibility,M,server/master.js,,answer_identified_implant_file,The answer material identifies this path as containing the malicious behavior; this is still not a line-level label.
rich,rich,cb7102be2a2afddab78b29c7ead1792fbd92dfe6,cb7102be2a2afddab78b29c7ead1792fbd92dfe6,cb7102be2a2a,update,M,rich/__init__.py,,touched_by_malicious_commit,"No narrower file list was stated in the answer material, so every path changed by the malicious commit is included; this is not a line-level judgment."
rich,rich,cb7102be2a2afddab78b29c7ead1792fbd92dfe6,cb7102be2a2afddab78b29c7ead1792fbd92dfe6,cb7102be2a2a,update,M,rich/_pick.py,,touched_by_malicious_commit,"No narrower file list was stated in the answer material, so every path changed by the malicious commit is included; this is not a line-level judgment."
rich,rich,cb7102be2a2afddab78b29c7ead1792fbd92dfe6,cb7102be2a2afddab78b29c7ead1792fbd92dfe6,cb7102be2a2a,update,M,rich/_win32_console.py,,touched_by_malicious_commit,"No narrower file list was stated in the answer material, so every path changed by the malicious commit is included; this is not a line-level judgment."
rich,rich,cb7102be2a2afddab78b29c7ead1792fbd92dfe6,cb7102be2a2afddab78b29c7ead1792fbd92dfe6,cb7102be2a2a,update,M,rich/abc.py,,touched_by_malicious_commit,"No narrower file list was stated in the answer material, so every path changed by the malicious commit is included; this is not a line-level judgment."
rich,rich,cb7102be2a2afddab78b29c7ead1792fbd92dfe6,cb7102be2a2afddab78b29c7ead1792fbd92dfe6,cb7102be2a2a,update,M,rich/align.py,,touched_by_malicious_commit,"No narrower file list was stated in the answer material, so every path changed by the malicious commit is included; this is not a line-level judgment."
rich,rich,cb7102be2a2afddab78b29c7ead1792fbd92dfe6,cb7102be2a2afddab78b29c7ead1792fbd92dfe6,cb7102be2a2a,update,M,rich/ansi.py,,touched_by_malicious_commit,"No narrower file list was stated in the answer material, so every path changed by the malicious commit is included; this is not a line-level judgment."
rich,rich,cb7102be2a2afddab78b29c7ead1792fbd92dfe6,cb7102be2a2afddab78b29c7ead1792fbd92dfe6,cb7102be2a2a,update,M,rich/cells.py,,touched_by_malicious_commit,"No narrower file list was stated in the answer material, so every path changed by the malicious commit is included; this is not a line-level judgment."
rich,rich,cb7102be2a2afddab78b29c7ead1792fbd92dfe6,cb7102be2a2afddab78b29c7ead1792fbd92dfe6,cb7102be2a2a,update,M,rich/color_triplet.py,,touched_by_malicious_commit,"No narrower file list was stated in the answer material, so every path changed by the malicious commit is included; this is not a line-level judgment."
rich,rich,cb7102be2a2afddab78b29c7ead1792fbd92dfe6,cb7102be2a2afddab78b29c7ead1792fbd92dfe6,cb7102be2a2a,update,M,rich/constrain.py,,touched_by_malicious_commit,"No narrower file list was stated in the answer material, so every path changed by the malicious commit is included; this is not a line-level judgment."
rich,rich,cb7102be2a2afddab78b29c7ead1792fbd92dfe6,cb7102be2a2afddab78b29c7ead1792fbd92dfe6,cb7102be2a2a,update,M,rich/control.py,,touched_by_malicious_commit,"No narrower file list was stated in the answer material, so every path changed by the malicious commit is included; this is not a line-level judgment."
mapstore2,PrivateSupplyChainDataset-MapStore2,a58c88fea1a5708931186961a460eb73bb9c95b2,a58c88fea1a5708931186961a460eb73bb9c95b2,a58c88fea1a5,fix: normalize coordinate precision to avoid floating point drift,M,web/client/utils/CoordinatesUtils.js,,touched_by_malicious_commit,"No narrower file list was stated in the answer material, so every path changed by the malicious commit is included; this is not a line-level judgment."
mapstore2,PrivateSupplyChainDataset-MapStore2,7151d24471999ebc9b57f7e7f49119ed53516f92,7151d24471999ebc9b57f7e7f49119ed53516f92,7151d2447199,fix: apply coordinate normalization in GeoJSON feature rendering,M,web/client/utils/GeometryUtils.js,,touched_by_malicious_commit,"No narrower file list was stated in the answer material, so every path changed by the malicious commit is included; this is not a line-level judgment."
mapstore2,PrivateSupplyChainDataset-MapStore2,1b1a657cbad2bacbbbad9e405917f12c75ee9216,1b1a657cbad2bacbbbad9e405917f12c75ee9216,1b1a657cbad2,perf: batch coordinate stabilization in vector tile rendering,M,web/client/components/map/openlayers/Feature.jsx,,touched_by_malicious_commit,"No narrower file list was stated in the answer material, so every path changed by the malicious commit is included; this is not a line-level judgment."
